<?xml version="1.0" encoding="UTF-8"?>
<beans xmlns="http://www.springframework.org/schema/beans"
	xmlns:xsi="http://www.w3.org/2001/XMLSchema-instance"
	xmlns:mvc="http://www.springframework.org/schema/mvc"
	xmlns:context="http://www.springframework.org/schema/context"
	xmlns:p="http://www.springframework.org/schema/p"
	xmlns:util="http://www.springframework.org/schema/util"
	xmlns:tx="http://www.springframework.org/schema/tx"
	xsi:schemaLocation="http://www.springframework.org/schema/mvc http://www.springframework.org/schema/mvc/spring-mvc-3.2.xsd
		http://www.springframework.org/schema/beans http://www.springframework.org/schema/beans/spring-beans.xsd
		http://www.springframework.org/schema/util http://www.springframework.org/schema/util/spring-util-3.2.xsd
		http://www.springframework.org/schema/tx http://www.springframework.org/schema/tx/spring-tx-3.2.xsd
		http://www.springframework.org/schema/context http://www.springframework.org/schema/context/spring-context-3.2.xsd">

	<mvc:annotation-driven />

	<mvc:resources location="templates" mapping="/templates/**"></mvc:resources>

	<context:component-scan base-package="com.myproject"></context:component-scan>

	<bean id="jspViewResolver" class="org.springframework.web.servlet.view.InternalResourceViewResolver" p:prefix="/WEB-INF/jsp/" p:suffix=".jsp"/>
		<!-- <bean id="propertyConfigurer" class="org.springframework.beans.factory.config.PropertyPlaceholderConfigurer" p:location="/WEB-INF/configs/hibernate.properties" />  -->
<!-- 	<bean id="propertyConfigurer" class="org.springframework.beans.factory.config.PropertyPlaceholderConfigurer" p:location="/WEB-INF/rpa.properties" /> -->	 
	 <!-- <bean id="dataSource" class="org.springframework.jdbc.datasource.DriverManagerDataSource" p:driverClassName="${jdbc.driverClassName}" p:url="${jdbc.databaseurl}" p:username="${jdbc.username}" p:password="${jdbc.password}" />
	 -->
	<!-- <tx:annotation-driven transaction-manager="transactionManager" /> -->
	<!-- <bean id="transactionManager" class="org.springframework.orm.hibernate3.HibernateTransactionManager">
		<property name="sessionFactory" ref="sessionFactory" />
	</bean>	 -->
	
</beans>
